department_id,department_name,department_location,department_head
21,HR,India,John
22,IT,Italy,DR.Jon
23,Marketing,Los Angeles,Emily Johnson
24,Finance,China,Michael Brown
25,Operations,Miame,Sarha
26,Sales,Miami,David Rodriguez
27,Research & Development,Boston,Jessica White
28,Customer Support,Dallas,Alex Turner
29,Legal,Washington DC,Samantha Taylor
30,Production,Denver,Kevin Martinez
31,Public Relations,Houston,Rachel Green
32,Design,Austin,Matthew Harris
33,Quality Assurance,Phoenix,Olivia Clark
34,Engineering,San Diego,Andrew Walker
35,Product Management,Portland,Lauren Baker
36,Purchasing,Atlanta,Daniel Martinez
37,Logistics,Detroit,Amanda Evans
38,Facilities Management,Minneapolis,Benjamin Wright
39,Security,Philadelphia,Ashley Wilson
40,Training,Las Vegas,Christopher Moore
41,HR,India,John
42,IT,Italy,DR.Jon
43,Marketing,Los Angeles,Emily Johnson
44,Finance,China,Michael Brown
45,Operations,Miame,Sarha
46,Sales,Miami,David Rodriguez
47,Research & Development,Boston,Jessica White
48,Customer Support,Dallas,Alex Turner
49,Legal,Washington DC,Samantha Taylor
50,Production,Denver,Kevin Martinez
51,Public Relations,Houston,Rachel Green
52,Design,Austin,Matthew Harris
53,Quality Assurance,Phoenix,Olivia Clark
54,Engineering,San Diego,Andrew Walker
55,Product Management,Portland,Lauren Baker
56,Purchasing,Atlanta,Daniel Martinez
57,Logistics,Detroit,Amanda Evans
58,Facilities Management,Minneapolis,Benjamin Wright
59,Security,Philadelphia,Ashley Wilson
60,Training,Las Vegas,Christopher Moore
61,Operations,Miame,Sarha
62,Sales,Miami,David Rodriguez
63,Research & Development,Boston,Jessica White
64,Customer Support,Dallas,Alex Turner
65,Legal,Washington DC,Samantha Taylor
66,Production,Denver,Kevin Martinez
67,Public Relations,Houston,Rachel Green
68,Design,Austin,Matthew Harris
69,Quality Assurance,Phoenix,Olivia Clark
70,Engineering,San Diego,Andrew Walker
71,Product Management,Portland,Lauren Baker
72,Purchasing,Atlanta,Daniel Martinez
73,Logistics,Detroit,Amanda Evans
74,Facilities Management,Minneapolis,Benjamin Wright
75,Security,Philadelphia,Ashley Wilson
76,Training,Las Vegas,Christopher Moore
77,HR,India,John
78,IT,Italy,DR.Jon
79,Marketing,Los Angeles,Emily Johnson
80,Finance,China,Michael Brown
81,Operations,Miame,Sarha
82,Sales,Miami,David Rodriguez
83,Research & Development,Boston,Jessica White
84,Customer Support,Dallas,Alex Turner
85,Legal,Washington DC,Samantha Taylor
86,Production,Denver,Kevin Martinez
87,Public Relations,Houston,Rachel Green
88,Design,Austin,Matthew Harris
89,Quality Assurance,Phoenix,Olivia Clark
90,Engineering,San Diego,Andrew Walker
91,Product Management,Portland,Lauren Baker
92,Purchasing,Atlanta,Daniel Martinez
93,Logistics,Detroit,Amanda Evans
94,Facilities Management,Minneapolis,Benjamin Wright
95,Security,Philadelphia,Ashley Wilson
96,Training,Las Vegas,Christopher Moore
97,Logistics,Detroit,Amanda Evans
98,Facilities Management,Minneapolis,Benjamin Wright
99,Security,Philadelphia,Ashley Wilson
100,Training,Las Vegas,Christopher Moore
101,HR,India,John
102,IT,Italy,DR.Jon
103,Marketing,Los Angeles,Emily Johnson
104,Finance,China,Michael Brown
105,Operations,Miame,Sarha
106,Sales,Miami,David Rodriguez
107,Research & Development,Boston,Jessica White
108,Customer Support,Dallas,Alex Turner
109,Legal,Washington DC,Samantha Taylor
110,Production,Denver,Kevin Martinez
111,Public Relations,Houston,Rachel Green
112,Design,Austin,Matthew Harris
113,Quality Assurance,Phoenix,Olivia Clark
114,Engineering,San Diego,Andrew Walker
115,Product Management,Portland,Lauren Baker
116,Purchasing,Atlanta,Daniel Martinez
117,Logistics,Detroit,Amanda Evans
118,Facilities Management,Minneapolis,Benjamin Wright
119,Security,Philadelphia,Ashley Wilson
120,Training,Las Vegas,Christopher Moore
121,Facilities Management,Minneapolis,Benjamin Wright
122,Security,Philadelphia,Ashley Wilson
123,Training,Las Vegas,Christopher Moore
124,HR,India,John
125,IT,Italy,DR.Jon
126,Marketing,Los Angeles,Emily Johnson
127,Finance,China,Michael Brown
128,Operations,Miame,Sarha
129,Sales,Miami,David Rodriguez
130,Research & Development,Boston,Jessica White
131,Customer Support,Dallas,Alex Turner
132,Legal,Washington DC,Samantha Taylor
133,Production,Denver,Kevin Martinez
134,Public Relations,Houston,Rachel Green
135,Design,Austin,Matthew Harris
136,Quality Assurance,Phoenix,Olivia Clark
137,Engineering,San Diego,Andrew Walker
138,Product Management,Portland,Lauren Baker
139,Purchasing,Atlanta,Daniel Martinez
140,Logistics,Detroit,Amanda Evans
141,Facilities Management,Minneapolis,Benjamin Wright
142,Security,Philadelphia,Ashley Wilson
143,Training,Las Vegas,Christopher Moore
144,Logistics,Detroit,Amanda Evans
145,Facilities Management,Minneapolis,Benjamin Wright
146,Security,Philadelphia,Ashley Wilson
147,Training,Las Vegas,Christopher Moore
148,Facilities Management,Minneapolis,Benjamin Wright
149,Security,Philadelphia,Ashley Wilson
150,Training,Las Vegas,Christopher Moore
151,HR,India,John
152,IT,Italy,DR.Jon
153,Marketing,Los Angeles,Emily Johnson
154,Finance,China,Michael Brown
155,Operations,Miame,Sarha
156,Sales,Miami,David Rodriguez
157,Research & Development,Boston,Jessica White
158,Customer Support,Dallas,Alex Turner
159,Legal,Washington DC,Samantha Taylor
160,Production,Denver,Kevin Martinez
161,Public Relations,Houston,Rachel Green
162,Design,Austin,Matthew Harris
163,Quality Assurance,Phoenix,Olivia Clark
164,Engineering,San Diego,Andrew Walker
165,Product Management,Portland,Lauren Baker
166,Purchasing,Atlanta,Daniel Martinez
167,Logistics,Detroit,Amanda Evans
168,Facilities Management,Minneapolis,Benjamin Wright
169,Security,Philadelphia,Ashley Wilson
170,Training,Las Vegas,Christopher Moore
171,Engineering,San Diego,Andrew Walker
172,Product Management,Portland,Lauren Baker
173,Purchasing,Atlanta,Daniel Martinez
174,Logistics,Detroit,Amanda Evans
175,Facilities Management,Minneapolis,Benjamin Wright
176,Security,Philadelphia,Ashley Wilson
177,Training,Las Vegas,Christopher Moore
178,Engineering,San Diego,Andrew Walker
179,Product Management,Portland,Lauren Baker
180,Purchasing,Atlanta,Daniel Martinez
181,Logistics,Detroit,Amanda Evans
182,Facilities Management,Minneapolis,Benjamin Wright
183,Security,Philadelphia,Ashley Wilson
184,Training,Las Vegas,Christopher Moore
185,Engineering,San Diego,Andrew Walker
186,Product Management,Portland,Lauren Baker
187,Purchasing,Atlanta,Daniel Martinez
188,Logistics,Detroit,Amanda Evans
189,Facilities Management,Minneapolis,Benjamin Wright
190,Security,Philadelphia,Ashley Wilson
191,Training,Las Vegas,Christopher Moore
192,Engineering,San Diego,Andrew Walker
193,Product Management,Portland,Lauren Baker
194,Purchasing,Atlanta,Daniel Martinez
195,Logistics,Detroit,Amanda Evans
196,Facilities Management,Minneapolis,Benjamin Wright
197,Security,Philadelphia,Ashley Wilson
198,Training,Las Vegas,Christopher Moore
199,Engineering,San Diego,Andrew Walker
200,Product Management,Portland,Lauren Baker
